{
  "1_150": 28.889806025588116,
  "2_300": 35.03920759389187,
  "3_450": 38.13454395377631,
  "4_800": 39.372678497730085
}