{
  "1_500": 0.3660751134956665,
  "2_400": 0.3462649607924061,
  "3_600": 0.3664878250103178,
  "4_800": 0.32315311597193563
}